nanophotonics,100002934664379,Koray Aydin
peter.dinda.7,1003600473,Peter Dinda
russ.joseph1,656059242,Russ Joseph
fabian.e.bustamante,676138558,Fabian E. Bustamante
gokhanmemik,541057630,Gokhan Memik
rfindler,2906348,Robby Findler
kristian.hammond,518719620,Kristian J Hammond
chris.riesbeck,100000165654362,Christopher Riesbeck
dongning.guo.1,100003152597043,Dongning Guo
forbus,635138993,Ken Forbus
jasonhartline,1574290826,Jason Hartline
ian.horswill,669207829,Ian Horswill
mingyang.kao,1287980459,Ming-Yang Kao
haizhouus,1311830972,Hai Zhou
erminwei,5744065,Ermin Wei
aravindan.vijayaraghavan.9,692395720,Aravindan Vijayaraghavan
uri.wilensky,1041994554,Uri Wilensky
alan.sahakian.5,100000227031268,Alan Sahakian
don.norman.18,602811375,Don Norman
eecs.sean,100000785604959,Sean EECS